firm_name,type,sra_id,is_sra_regulated,telephone,email,website,profile_url,address_raw,city,county,postal_code,country,google_map,areas_of_practice_branch,areas_of_practice_org,languages_at_branch,languages_at_org,accreditations,total_people,total_solicitors,total_sra_managers,total_offices,has_disabled_access,has_induction_loops,accepts_legal_aid,provides_sign_language
Missing,Missing,Missing,True,Missing,Missing,Missing,https://solicitors.lawsociety.org.uk/office/36363/gorvett-bailey,Missing,Missing,Missing,Missing,Missing,Missing,Missing,Missing,Missing,Missing,Missing,Missing,Missing,Missing,Missing,False,False,False,False
LABRUMS SOLICITORS LLP,Recognised body law practice,574040,True,01727858807,crt@labrums.co.uk,http://www.labrums.co.uk,https://solicitors.lawsociety.org.uk/office/539073/labrums-solicitors-llp,"Address
New Barnes Mill, Cottonmill Lane, St. Albans, Hertfordshire, AL1 2HA, England",St. Albans,Hertfordshire,AL1 2HA,England,https://maps.google.co.uk/maps?q=AL1%202HA,"Commercial litigation, Commercial property, Company and commercial, Conveyancing - residential, Conveyancing Quality Scheme, Debt and bankruptcy - personal, Debt recovery, European Community law, Insolvency and restructuring - business, Landlord and tenant - residential, Litigation - general, LPA - Health and Welfare, LPA - Property and Affairs, Private client - Probate, Private client - Wills","Commercial litigation, Commercial property, Company and commercial, Conveyancing - residential, Conveyancing Quality Scheme, Debt and bankruptcy - personal, Debt recovery, European Community law, Insolvency and restructuring - business, Landlord and tenant - residential, Litigation - general, LPA - Health and Welfare, LPA - Property and Affairs, Private client - Probate, Private client - Wills",Missing,Missing,Missing,", , , ",Missing,Missing,Missing,False,False,False,False
JOHN SISK & SON LTD,Not an SRA-regulated law practice,497737,True,01727871410,Missing,http://www.sisk.co.uk,https://solicitors.lawsociety.org.uk/office/493936/john-sisk-son-ltd,"Address
1 Curo Park, Frogmore, St. Albans, Hertfordshire, AL2 2DD, England",St. Albans,Hertfordshire,AL2 2DD,England,https://maps.google.co.uk/maps?q=AL2%202DD,"Commercial litigation, Company and commercial, Construction, Litigation - general","Commercial litigation, Company and commercial, Construction, Litigation - general",Missing,Missing,Missing,", , ",Missing,Missing,Missing,False,False,False,False
CITY LAWYERS (PERSONAL INJURY) LIMITED,Recognised body law practice,520457,True,01727228890,enquiries@city-lawyers.com,http://www.city-lawyers.com,https://solicitors.lawsociety.org.uk/office/471568/city-lawyers-personal-injury-limited,"Address
Suite 3, Phoenix House, 63 Campfiled Road, St. Albans, Hertfordshire, AL1 5FL, England",St. Albans,Hertfordshire,AL1 5FL,England,https://maps.google.co.uk/maps?q=AL1%205FL,"Clinical negligence, Litigation - general, Personal injury","Clinical negligence, Litigation - general, Personal injury",Missing,Missing,Missing,", , , ",Missing,Missing,Missing,False,False,False,False
JO COUCHMAN LIMITED,Recognised body law practice,651740,True,07909917969,jo@jocouchman.com,Missing,https://solicitors.lawsociety.org.uk/office/615052/jo-couchman-limited,"Address
9 Beaumont Avenue, St Albans, Hertfordshire, AL1 4TH, England",St Albans,Hertfordshire,AL1 4TH,England,https://maps.google.co.uk/maps?q=AL1%204TH,Missing,Missing,Missing,Missing,Missing,", , , ",Missing,Missing,Missing,False,False,False,False
ABBEY LAW LIMITED,Recognised body law practice,657232,True,01727839162,afsana@abbeylaw.org,http://www.abbeylaw.org,https://solicitors.lawsociety.org.uk/office/621087/abbey-law-limited,"Address
131 - 133 Hatfield Road, St Albans, Hertfordshire, AL1 4JS, England",St Albans,Hertfordshire,AL1 4JS,England,https://maps.google.co.uk/maps?q=AL1%204JS,"Commercial property, Conveyancing - residential, Conveyancing Quality Scheme, Crime - motoring, Family - divorce and separation, Family - general, Family, Family - marriage and civil partnerships, Immigration - asylum, Immigration - general, Immigration - nationality and citizenship, Landlord and tenant - commercial, Landlord and tenant - residential, Private client - disputed probate, Private client - disputed trusts, Private client - disputed wills, Private client - Probate, Private client - trusts, Private client - Wills","Commercial property, Conveyancing - residential, Conveyancing Quality Scheme, Crime - motoring, Family - divorce and separation, Family - general, Family, Family - marriage and civil partnerships, Immigration - asylum, Immigration - general, Immigration - nationality and citizenship, Landlord and tenant - commercial, Landlord and tenant - residential, Private client - disputed probate, Private client - disputed trusts, Private client - disputed wills, Private client - Probate, Private client - trusts, Private client - Wills",Missing,Missing,Missing,", , , ",Missing,Missing,Missing,False,False,False,False
AHS LAW,Recognised sole practice law practice,8013533,True,Missing,Missing,Missing,https://solicitors.lawsociety.org.uk/office/59822/ahs-law,"Address
Fountain Court, 2 Victoria Square, Victoria Street, St. Albans, AL1 3TF, England",Victoria Street,St. Albans,AL1 3TF,England,https://maps.google.co.uk/maps?q=AL1%203TF,Missing,Missing,Missing,Missing,Missing,", , , ",Missing,Missing,Missing,False,False,False,False
ANNE WOODCOCK & CO,Recognised sole practice law practice,288282,True,07990574249,annew@annewoodcock.co.uk,Missing,https://solicitors.lawsociety.org.uk/office/439325/anne-woodcock-co,"Address
Suite 218,, 2 Foutain Court, Victoria Square, St. Albans, Hertfordshire, AL1 3TF, England",St. Albans,Hertfordshire,AL1 3TF,England,https://maps.google.co.uk/maps?q=AL1%203TF,"Crime - fraud, Higher courts rights - criminal, Criminal Litigation, Crime - general, Higher courts rights - criminal, Criminal Litigation","Crime - fraud, Criminal Litigation, Higher courts rights - criminal, Crime - general, Criminal Litigation, Higher courts rights - criminal",Missing,Missing,Missing,", , , ",Missing,Missing,Missing,False,False,False,False
FULLERS FAMILY LAW LIMITED,Recognised body law practice,8008202,True,01727789014,Missing,Missing,https://solicitors.lawsociety.org.uk/office/40535/fullers-family-law-limited,"Address
Regus Office Building, Fountain Court, Victoria Square, Victoria Street, St. Albans, AL1 3TF, England",Victoria Street,St. Albans,AL1 3TF,England,https://maps.google.co.uk/maps?q=AL1%203TF,"Children, Family - divorce and separation, Family - general, Family - marriage and civil partnerships, Family - mediation, Litigation - general","Children, Family - divorce and separation, Family - general, Mediation - Family, Family - marriage and civil partnerships, Family - mediation, Mediation - Family, Litigation - general, Higher courts rights - civil",Missing,Missing,Missing,", , , ",Missing,Missing,Missing,False,False,False,False
Kingston Smith Llp,Licensed body law practice (ABS),625001,True,Missing,Missing,Missing,https://solicitors.lawsociety.org.uk/office/592186/kingston-smith-llp,"Address
4 Victoria Square, St. Albans, Hertfordshire, AL1 3TF, England",St. Albans,Hertfordshire,AL1 3TF,England,https://maps.google.co.uk/maps?q=AL1%203TF,Missing,"Banking, Company and commercial, Corporate finance, Insolvency and restructuring - business, Intellectual property, Mergers and acquisitions, Private client - Probate, Private client - trusts, Private client - Wills, Tax",Missing,Missing,Missing,Missing,Missing,Missing,Missing,False,False,False,False
LawHer & Co Ltd,Recognised body law practice,8000839,True,01727222290,info@lawher.co.uk,http://www.lawher.co.uk,https://solicitors.lawsociety.org.uk/office/24161/lawher-co-ltd,"Address
29 Ridgmont Road, St Albans, AL1 3AG, England","Address
29 Ridgmont Road",St Albans,AL1 3AG,England,https://maps.google.co.uk/maps?q=AL1%203AG,Missing,Missing,Missing,Missing,Missing,", , , ",Missing,Missing,Missing,False,False,False,False
Mitchell Solicitors,Recognised body law practice,490596,True,01582 414002,Missing,http://mitchell-solicitors.co.uk,https://solicitors.lawsociety.org.uk/office/467296/mitchell-solicitors,"Address
Fountain Court, 2 Victoria Square, Victoria Street, St Albans, Hertfordshire, AL1 3TF, England",St Albans,Hertfordshire,AL1 3TF,England,https://maps.google.co.uk/maps?q=AL1%203TF,"Advocacy, Higher courts rights - criminal, Criminal Litigation, Crime - fraud, Crime - general, Criminal Litigation, Higher courts rights - criminal, Litigation - general, Media, entertainment and sport","Advocacy, Higher courts rights - criminal, Criminal Litigation, Crime - fraud, Higher courts rights - criminal, Criminal Litigation, Crime - general, Criminal Litigation, Higher courts rights - criminal, Litigation - general, Higher courts rights - civil, Media, entertainment and sport",Missing,Missing,Missing,", , , ",Missing,Missing,Missing,False,False,False,False
Moore SGD Law LLP,Licensed body law practice (ABS),8014809,True,Missing,Missing,Missing,https://solicitors.lawsociety.org.uk/office/63389/moore-sgd-law-llp,"Address
4 Victoria Square, St Albans, AL1 3TF, England","Address
4 Victoria Square",St Albans,AL1 3TF,England,https://maps.google.co.uk/maps?q=AL1%203TF,Missing,Missing,Missing,Missing,Missing,Missing,Missing,Missing,Missing,False,False,False,False
ONHAND COUNSEL LIMITED,Recognised body law practice,498653,True,01727867289,andrew.james@onhandcounsel.co.uk,http://www.onhandcounsel.co.uk,https://solicitors.lawsociety.org.uk/office/468909/onhand-counsel-limited,"Address
114A Old London Road, St. Albans, Hertfordshire, AL1 1PU, England",St. Albans,Hertfordshire,AL1 1PU,England,https://maps.google.co.uk/maps?q=AL1%201PU,"Company and commercial, Corporate finance, Mergers and acquisitions","Company and commercial, Corporate finance, Mergers and acquisitions",Missing,Missing,Missing,", , , ",Missing,Missing,Missing,False,False,False,False
POOLE ALCOCK LLP,Licensed body law practice (ABS),8008881,True,01727222450,Missing,Missing,https://solicitors.lawsociety.org.uk/office/41749/poole-alcock-llp,"Address
Fountain Court, 2 Victoria Square, Victoria Street, St. Albans, AL1 3TF, England",Victoria Street,St. Albans,AL1 3TF,England,https://maps.google.co.uk/maps?q=AL1%203TF,Missing,"Advocacy, Agriculture, Commercial litigation, Commercial property, Consumer, Conveyancing - residential, Conveyancing Quality Scheme, Corporate finance, Crime - fraud, Criminal Litigation, Higher courts rights - criminal, Crime - general, Criminal Litigation, Higher courts rights - criminal, Employment, Family - general, Landlord and tenant - residential, Licensing gaming and betting, Litigation - general, Mergers and acquisitions, Personal injury, Planning, Private client - Probate, Private client - trusts, Private client - Wills, Tax",Missing,Missing,Missing,", , , ",Missing,Missing,Missing,False,False,False,False
RISE LEGAL (STB) LIMITED,Licensed body law practice (ABS),650290,True,01727226336,hello@rise-legal.com,http://www.rise-legal.com,https://solicitors.lawsociety.org.uk/office/613883/rise-legal-stb-limited,"Address
2 Fountain Court, Victoria Square, St. Albans, Hertfordshire, AL1 3TF, England",St. Albans,Hertfordshire,AL1 3TF,England,https://maps.google.co.uk/maps?q=AL1%203TF,"Commercial property, Conveyancing - residential, Conveyancing Quality Scheme, Family - general, Landlord and tenant - residential, Litigation - general, Private client - Probate, Private client - Wills","Commercial property, Conveyancing - residential, Conveyancing Quality Scheme, Family - general, Landlord and tenant - residential, Litigation - general, Private client - Probate, Private client - Wills",Missing,Missing,Missing,", , , ",Missing,Missing,Missing,False,False,False,False
SONY SADAF HAROON LIMITED,Licensed body law practice (ABS),635480,True,01727568353,info@sonylaw.com,http://www.sonylaw.com,https://solicitors.lawsociety.org.uk/office/599720/sony-sadaf-haroon-limited-,"Address
Capstan House, 182-184 Hatfield Road, Hertforshire, Hertfordshire, AL1 4JG, England",Hertforshire,Hertfordshire,AL1 4JG,England,https://maps.google.co.uk/maps?q=AL1%204JG,Missing,Missing,Missing,Missing,Missing,", , , ",Missing,Missing,Missing,False,False,False,False
STOWE FAMILY LAW LLP,Licensed body law practice (ABS),619543,True,Missing,Missing,Missing,https://solicitors.lawsociety.org.uk/office/577505/stowe-family-law-llp,"Address
Clockhouse Court, Second Floor, Suite 7, 5-7 London Road, St Albans, Hertfordshire, AL1 3TF, England",St Albans,Hertfordshire,AL1 3TF,England,https://maps.google.co.uk/maps?q=AL1%203TF,"Advocacy, Children, Commercial litigation, Crime - general, Family - general, Family - mediation, Litigation - general, Mental health, Neighbour disputes, Private client - Probate, Private client - trusts, Private client - Wills, Tax","Advocacy, Children, Commercial litigation, Crime - general, Family - general, Family, Family - Advanced, Family - mediation, Litigation - general, Higher courts rights - civil, Mental health, Neighbour disputes, Private client - Probate, Private client - trusts, Private client - Wills, Tax",Missing,Missing,Missing,Missing,Missing,Missing,Missing,False,False,False,False
Surrogacy Lawyers Limited,Recognised body law practice,597065,True,01727884688,harjit@surrogacylawyers.co.uk,http://www.surrogacylawyers.co.uk,https://solicitors.lawsociety.org.uk/office/543667/surrogacy-lawyers-limited,"Address
2 Victoria Square, Victoria Street, St. Albans, Hertfordshire, AL1 3TF, England",St. Albans,Hertfordshire,AL1 3TF,England,https://maps.google.co.uk/maps?q=AL1%203TF,"Children, Family - general, Litigation - general","Children, Family - general, Litigation - general",Missing,Missing,Missing,", , , ",Missing,Missing,Missing,False,False,False,False
Crown Prosecution Service Hertfordshire,Not an SRA-regulated law practice,304324,True,01727798700,thameschiltern.abc@cps.gov.uk,Missing,https://solicitors.lawsociety.org.uk/office/441330/crown-prosecution-service-hertfordshire,"Address
Verulam Point, Station Way, St Albans, Hertfordshire, AL1 5HE, England",St Albans,Hertfordshire,AL1 5HE,England,https://maps.google.co.uk/maps?q=AL1%205HE,"Advocacy, Higher courts rights - criminal, Criminal Litigation, Benefits and allowances, Commercial litigation, Crime - fraud, Higher courts rights - criminal, Criminal Litigation, Crime - general, Criminal Litigation, Higher courts rights - criminal, Employment, Family - general, Insolvency and restructuring - business, Litigation - general, Higher courts rights - civil","Advocacy, Criminal Litigation, Higher courts rights - criminal, Benefits and allowances, Commercial litigation, Crime - fraud, Criminal Litigation, Higher courts rights - criminal, Crime - general, Higher courts rights - criminal, Criminal Litigation, Employment, Family - general, Insolvency and restructuring - business, Litigation - general, Higher courts rights - civil",Missing,Missing,Missing,", , ",Missing,Missing,Missing,False,False,False,False
BRYAN & MERCER LTD,Recognised body law practice,533924,True,01727861414,enquiries@bryanandmercer.co.uk,http://www.bryanandmercer.co.uk,https://solicitors.lawsociety.org.uk/office/473327/bryan-mercer-ltd,"Address
59 London Road, St. Albans, Hertfordshire, AL1 1LJ, England",St. Albans,Hertfordshire,AL1 1LJ,England,https://maps.google.co.uk/maps?q=AL1%201LJ,"Commercial property, Conveyancing - residential, Conveyancing Quality Scheme, Private client - Probate, Private client - trusts, Private client - Wills","Commercial property, Conveyancing - residential, Conveyancing Quality Scheme, Private client - Probate, Private client - trusts, Private client - Wills",Missing,Missing,Missing,", , , ",Missing,Missing,Missing,False,False,False,False
CHARROT LIMITED,Recognised body law practice,597526,True,07793849100,mark.glenister@jpplaw.co.uk,Missing,https://solicitors.lawsociety.org.uk/office/544429/charrot-limited,"Address
58 Lattimore Road, St. Albans, Hertfordshire, AL1 3XW, England",St. Albans,Hertfordshire,AL1 3XW,England,https://maps.google.co.uk/maps?q=AL1%203XW,"Banking, Company and commercial, Corporate finance, Debt and bankruptcy - personal, Debt recovery, Energy and natural resources, Financial services","Banking, Company and commercial, Corporate finance, Debt and bankruptcy - personal, Debt recovery, Energy and natural resources, Financial services",Missing,Missing,Missing,Missing,Missing,Missing,Missing,False,False,False,False
JPP LAW LLP,Recognised body law practice,597525,True,07793849100,mark.glenister@jpplaw.co.uk,http://www.jpplaw.co.uk,https://solicitors.lawsociety.org.uk/office/544432/jpp-law-llp,"Address
58 Lattimore Road, St. Albans, Hertfordshire, AL1 3XW, England",St. Albans,Hertfordshire,AL1 3XW,England,https://maps.google.co.uk/maps?q=AL1%203XW,"Banking, Commercial litigation, Company and commercial, Consumer, Corporate finance, Debt and bankruptcy - personal, Debt recovery, Employment, Energy and natural resources, Financial services, Litigation - general","Banking, Commercial litigation, Company and commercial, Consumer, Corporate finance, Debt and bankruptcy - personal, Debt recovery, Employment, Energy and natural resources, Financial services, Litigation - general",Missing,Missing,Missing,Missing,Missing,Missing,Missing,False,False,False,False
Moore SGD Law LLP,Licensed body law practice (ABS),8014811,True,Missing,Missing,Missing,https://solicitors.lawsociety.org.uk/office/63390/moore-sgd-law-llp,"Address
4 Beaconsfield Road, St Albans, AL1 3RD, England","Address
4 Beaconsfield Road",St Albans,AL1 3RD,England,https://maps.google.co.uk/maps?q=AL1%203RD,Missing,Missing,Missing,Missing,Missing,Missing,Missing,Missing,Missing,False,False,False,False
PIZZA HUT EUROPE LIMITED,Not an SRA-regulated law practice,639141,True,Missing,Missing,Missing,https://solicitors.lawsociety.org.uk/office/50574/pizza-hut-europe-limited,"Address
2, Abbey View, Everard Close, St. Albans, AL1 2QU, England",Everard Close,St. Albans,AL1 2QU,England,https://maps.google.co.uk/maps?q=AL1%202QU,Missing,Missing,Missing,Missing,Missing,", , ",Missing,Missing,Missing,False,False,False,False
SHERRARDS SOLICITORS LLP,Recognised body law practice,533210,True,01727832830,law@sherrards.com,http://www.sherrards.com,https://solicitors.lawsociety.org.uk/office/473122/sherrards-solicitors-llp,"Address
First Floor, 4 Beaconsfield Road, St. Albans, Hertfordshire, AL1 3RD, England",St. Albans,Hertfordshire,AL1 3RD,England,https://maps.google.co.uk/maps?q=AL1%203RD,"Banking, Charities, Commercial litigation, Commercial property, Company and commercial, Conveyancing - residential, Conveyancing Quality Scheme, Corporate finance, Crime - fraud, Higher courts rights - criminal, Crime - general, Higher courts rights - criminal, Cross-border, Debt and bankruptcy - personal, Debt recovery, Dispute resolution - civil mediation, Dispute resolution - commercial mediation, Employment, Environment, Family - general, Insolvency and restructuring - business, Intellectual property, Landlord and tenant - residential, Licensing gaming and betting, Litigation - general, Media, entertainment and sport, Mergers and acquisitions, Neighbour disputes, Private client - Probate, Private client - trusts, Private client - Wills, Professional negligence, Tax","Banking, Charities, Commercial litigation, Commercial property, Company and commercial, Conveyancing - residential, Conveyancing Quality Scheme, Corporate finance, Crime - fraud, Higher courts rights - criminal, Crime - general, Higher courts rights - criminal, Cross-border, Debt and bankruptcy - personal, Debt recovery, Dispute resolution - civil mediation, Dispute resolution - commercial mediation, Employment, Environment, Family - general, Insolvency and restructuring - business, Intellectual property, Landlord and tenant - residential, Licensing gaming and betting, Litigation - general, Media, entertainment and sport, Mergers and acquisitions, Neighbour disputes, Private client - Probate, Private client - trusts, Private client - Wills, Professional negligence, Tax",Missing,Missing,Missing,", , , ",Missing,Missing,Missing,False,False,False,False
YUM! III (UK) LIMITED,Not an SRA-regulated law practice,629941,True,01727251100,lucy.powell@yum.com,Missing,https://solicitors.lawsociety.org.uk/office/596138/yum-iii-uk-limited,"Address
Building 2, Abbey View, Everard Close, St. Albans, Hertfordshire, AL1 2QU, England",St. Albans,Hertfordshire,AL1 2QU,England,https://maps.google.co.uk/maps?q=AL1%202QU,Missing,Missing,Missing,Missing,Missing,", , ",Missing,Missing,Missing,False,False,False,False
AECOM Limited,Not an SRA-regulated law practice,389054,True,Missing,Missing,http://www.aecom.com,https://solicitors.lawsociety.org.uk/office/494990/aecom-limited,"Address
Aecom House, 63-77 Victoria Street, St. Albans, Hertfordshire, AL1 3ER, England",St. Albans,Hertfordshire,AL1 3ER,England,https://maps.google.co.uk/maps?q=AL1%203ER,"Commercial litigation, Company and commercial, Construction, Corporate finance, Cross-border, Energy and natural resources, Mergers and acquisitions","Commercial litigation, Company and commercial, Construction, Corporate finance, Cross-border, Energy and natural resources, Mergers and acquisitions",Missing,Missing,Missing,", , ",Missing,Missing,Missing,False,False,False,False
PREMIER FOODS PLC,Not an SRA-regulated law practice,488226,True,01727815850,simon.rose@premierfoods.co.uk,http://www.premierfoods.co.uk,https://solicitors.lawsociety.org.uk/office/505902/premier-foods-plc,"Address
Centrium Business Park, Griffiths Way, St. Albans, Hertfordshire, AL1 2RE, England",St. Albans,Hertfordshire,AL1 2RE,England,https://maps.google.co.uk/maps?q=AL1%202RE,"Commercial litigation, Company and commercial, Corporate finance, Employment, Intellectual property, Mergers and acquisitions, Technology","Commercial litigation, Company and commercial, Corporate finance, Employment, Intellectual property, Mergers and acquisitions, Technology",Missing,Missing,Missing,", , ",Missing,Missing,Missing,False,False,False,False
TAYLOR WALTON LLP,Recognised body law practice,465615,True,Missing,Missing,Missing,https://solicitors.lawsociety.org.uk/office/463716/taylor-walton-llp,"Address
Thornycroft House, 107 Holywell Hill, St. Albans, Hertfordshire, AL1 1HQ, England",St. Albans,Hertfordshire,AL1 1HQ,England,https://maps.google.co.uk/maps?q=AL1%201HQ,"Advocacy, Banking, Commercial litigation, Commercial property, Company and commercial, Construction, Conveyancing - residential, Corporate finance, Debt and bankruptcy - personal, Debt recovery, Dispute resolution - civil mediation, Dispute resolution - commercial mediation, Employment, Environment, Family - general, Family - mediation, Insolvency and restructuring - business, Insurance, Intellectual property, Landlord and tenant - residential, Licensing gaming and betting, Litigation - general, Mergers and acquisitions, Planning, Private client - Probate, Private client - trusts, Private client - Wills, Professional negligence, Tax, Technology","Advocacy, Banking, Commercial litigation, Commercial property, Company and commercial, Construction, Conveyancing - residential, Conveyancing Quality Scheme, Corporate finance, Debt and bankruptcy - personal, Debt recovery, Dispute resolution - civil mediation, Dispute resolution - commercial mediation, Employment, Environment, Family - general, Family - mediation, Insolvency and restructuring - business, Insurance, Intellectual property, Landlord and tenant - residential, Licensing gaming and betting, Litigation - general, Mergers and acquisitions, Planning, Private client - Probate, Wills and Inheritance Quality Scheme, Private client - trusts, Private client - Wills, Wills and Inheritance Quality Scheme, Professional negligence, Tax, Technology",Missing,Missing,Missing,", , , ",Missing,Missing,Missing,False,False,False,False
ABBEYFIELD SOCIETY (THE),Not an SRA-regulated law practice,523896,True,01727857536,Missing,Missing,https://solicitors.lawsociety.org.uk/office/507404/abbeyfield-society-the-,"Address
St Peter'S House, 2 Bricket Road, St. Albans, Hertfordshire, AL1 3JW, England",St. Albans,Hertfordshire,AL1 3JW,England,https://maps.google.co.uk/maps?q=AL1%203JW,"Administrative and public law, Charities, Commercial litigation, Commercial property, Company and commercial, Conveyancing - residential, Crime - fraud, Employment, Intellectual property, Landlord and tenant - residential, Litigation - general, Mergers and acquisitions","Administrative and public law, Charities, Commercial litigation, Commercial property, Company and commercial, Conveyancing - residential, Crime - fraud, Employment, Intellectual property, Landlord and tenant - residential, Litigation - general, Mergers and acquisitions",Missing,Missing,Missing,", , ",Missing,Missing,Missing,False,False,False,False
BK Law LLP,Recognised body law practice,8012434,True,01727840900,Missing,Missing,https://solicitors.lawsociety.org.uk/office/49673/bk-law-llp,"Address
5 Holywell Hill, St. Albans, AL1 1EU, England","Address
5 Holywell Hill",St. Albans,AL1 1EU,England,https://maps.google.co.uk/maps?q=AL1%201EU,Missing,"Advocacy, Higher courts rights - criminal, Criminal Litigation, Crime - fraud, Higher courts rights - criminal, Criminal Litigation, Crime - general, Criminal Litigation, Higher courts rights - criminal",Missing,Missing,Missing,", , , ",Missing,Missing,Missing,False,False,False,False
BK Law LLP,Recognised body law practice,8012435,True,01727840900,Missing,Missing,https://solicitors.lawsociety.org.uk/office/49674/bk-law-llp,"Address
5 Holywell Hill, St. Albans, AL1 1EU, England","Address
5 Holywell Hill",St. Albans,AL1 1EU,England,https://maps.google.co.uk/maps?q=AL1%201EU,Missing,"Advocacy, Higher courts rights - criminal, Criminal Litigation, Crime - fraud, Higher courts rights - criminal, Criminal Litigation, Crime - general, Criminal Litigation, Higher courts rights - criminal",Missing,Missing,Missing,", , , ",Missing,Missing,Missing,False,False,False,False
ERIC COATES,Recognised sole practice law practice,79008,True,01727848231,Missing,Missing,https://solicitors.lawsociety.org.uk/office/419445/eric-coates,"Address
15 St. Peters Road, St. Albans, Hertfordshire, AL1 3SA, England",St. Albans,Hertfordshire,AL1 3SA,England,https://maps.google.co.uk/maps?q=AL1%203SA,"Commercial litigation, Commercial property, Debt and bankruptcy - personal, Debt recovery, Litigation - general","Commercial litigation, Commercial property, Debt and bankruptcy - personal, Debt recovery, Litigation - general",Missing,Missing,Missing,", , , ",Missing,Missing,Missing,False,False,False,False
KJS SOLICITORS LIMITED,Licensed body law practice (ABS),8001843,True,01727295555,stalbans@kjsmith.co.uk,Missing,https://solicitors.lawsociety.org.uk/office/26291/kjs-solicitors-limited,"Address
Pilgrims Lodge, 1A Holywell Hill, St. Albans, AL1 1ER, England",1A Holywell Hill,St. Albans,AL1 1ER,England,https://maps.google.co.uk/maps?q=AL1%201ER,Missing,"Advocacy, Charities, Children, Commercial litigation, Company and commercial, Corporate finance, Family - general, Family, Family - mediation, Litigation - general, Mergers and acquisitions, Private client - Probate, Private client - Wills, Professional negligence",Missing,Missing,Missing,", , , ",Missing,Missing,Missing,False,False,False,False
PHOTIADES SOLICITORS LTD,Recognised body law practice,568127,True,01727833134,willharvey@photiades.com,http://www.photiades.com,https://solicitors.lawsociety.org.uk/office/529696/photiades-solicitors-ltd,"Address
Longmire House, 36-38 London Road, St. Albans, Hertfordshire, AL1 1NG, England",St. Albans,Hertfordshire,AL1 1NG,England,https://maps.google.co.uk/maps?q=AL1%201NG,"Commercial litigation, Commercial property, Company and commercial, Conveyancing - residential, Conveyancing Quality Scheme, Debt and bankruptcy - personal, Debt recovery, Employment, Family - general, Family - mediation, Licensing gaming and betting, Litigation - general, Personal injury, Private client - Probate, Private client - Wills","Commercial litigation, Commercial property, Company and commercial, Conveyancing - residential, Conveyancing Quality Scheme, Debt and bankruptcy - personal, Debt recovery, Employment, Family - general, Family - mediation, Licensing gaming and betting, Litigation - general, Personal injury, Private client - Probate, Private client - Wills",Missing,Missing,Missing,", , , ",Missing,Missing,Missing,False,False,False,False
SA Law LLP,Licensed body law practice (ABS),421442,True,01727798000,robert.ryall@salaw.com,http://www.salaw.com,https://solicitors.lawsociety.org.uk/office/456693/sa-law-llp,"Address
Gladstone Place, 36-38 Upper Marlborough Road, St. Albans, Hertfordshire, AL1 3UU, England",St. Albans,Hertfordshire,AL1 3UU,England,https://maps.google.co.uk/maps?q=AL1%203UU,"Advocacy, Children, Commercial litigation, Commercial property, Company and commercial, Conveyancing - residential, Conveyancing Quality Scheme, Corporate finance, Debt and bankruptcy - personal, Debt recovery, Defamation, Dispute resolution - civil mediation, Dispute resolution - commercial mediation, Employment, European Community law, Family - general, Mediation - Family, Family - Advanced, Family - mediation, Mediation - Family, Immigration - asylum, Immigration - general, Immigration - nationality and citizenship, Insolvency and restructuring - business, Intellectual property, Landlord and tenant - residential, Media, entertainment and sport, Mergers and acquisitions, Neighbour disputes, Private client - Probate, Private client - Wills, Professional negligence","Advocacy, Children, Commercial litigation, Commercial property, Company and commercial, Conveyancing - residential, Conveyancing Quality Scheme, Corporate finance, Debt and bankruptcy - personal, Debt recovery, Defamation, Dispute resolution - civil mediation, Dispute resolution - commercial mediation, Employment, European Community law, Family - general, Mediation - Family, Family - Advanced, Family - mediation, Mediation - Family, Immigration - asylum, Immigration - general, Immigration - nationality and citizenship, Insolvency and restructuring - business, Intellectual property, Landlord and tenant - residential, Media, entertainment and sport, Mergers and acquisitions, Neighbour disputes, Private client - Probate, Private client - Wills, Professional negligence",Missing,Missing,Missing,Missing,Missing,Missing,Missing,False,False,False,False
SPREADEX LIMITED,Not an SRA-regulated law practice,515934,True,01727895000,Missing,Missing,https://solicitors.lawsociety.org.uk/office/490118/spreadex-limited,"Address
Churchill House, Upper Marlborough Road, St. Albans, Hertfordshire, AL1 3UU, England",St. Albans,Hertfordshire,AL1 3UU,England,https://maps.google.co.uk/maps?q=AL1%203UU,Missing,Missing,Missing,Missing,Missing,", , ",Missing,Missing,Missing,False,False,False,False
Missing,Missing,Missing,True,Missing,Missing,Missing,https://solicitors.lawsociety.org.uk/office/46042/motor-fuel-group,Missing,Missing,Missing,Missing,Missing,Missing,Missing,Missing,Missing,Missing,Missing,Missing,Missing,Missing,Missing,False,False,False,False
His Majesty's Court Service (Kent),Not an SRA-regulated law practice,646775,True,Missing,Missing,Missing,https://solicitors.lawsociety.org.uk/office/46657/his-majestys-court-service-kent-,"Address
Court House, Civic Centre, St. Peters Street, St. Albans, AL1 3LB, England",St. Peters Street,St. Albans,AL1 3LB,England,https://maps.google.co.uk/maps?q=AL1%203LB,Missing,"Children, Crime - general, Family - general, Licensing gaming and betting",Missing,Missing,Missing,", , ",Missing,Missing,Missing,False,False,False,False
NATIONAL PHARMACY ASSOCIATION,Not an SRA-regulated law practice,653891,True,Missing,Missing,Missing,https://solicitors.lawsociety.org.uk/office/617499/national-pharmacy-association,"Address
38 St. Peters Street, St. Albans, Hertfordshire, AL1 3NP, England",St. Albans,Hertfordshire,AL1 3NP,England,https://maps.google.co.uk/maps?q=AL1%203NP,Missing,Missing,Missing,Missing,Missing,", , ",Missing,Missing,Missing,False,False,False,False
ST ALBANS CITY & DISTRICT COUNCIL,Not an SRA-regulated law practice,65528,True,01727866100,sally.fisher@stalbans.gov.uk,http://www.stalbans.gov.uk,https://solicitors.lawsociety.org.uk/office/497183/st-albans-city-district-council,"Address
Council Offices, Civic Centre St Peters Street, St. Albans, Hertfordshire, AL1 3JE, England",St. Albans,Hertfordshire,AL1 3JE,England,https://maps.google.co.uk/maps?q=AL1%203JE,"Administrative and public law, Advocacy, Criminal Litigation, Commercial property, Conveyancing - residential, Crime - general, Criminal Litigation, Employment, Environment, Landlord and tenant - residential, Licensing gaming and betting, Litigation - general, Planning","Administrative and public law, Advocacy, Criminal Litigation, Commercial property, Conveyancing - residential, Crime - general, Criminal Litigation, Employment, Environment, Landlord and tenant - residential, Licensing gaming and betting, Litigation - general, Planning",Missing,Missing,Missing,", , ",Missing,Missing,Missing,False,False,False,False
TURNER & CO,Recognised sole practice law practice,565748,True,01438833126,office@turnersolicitors.com,https://www.turnersolicitors.com/,https://solicitors.lawsociety.org.uk/office/518823/turner-co,"Address
Censeo House, 6 St Peter'S Street, St Albans, Hertfordshire, AL1 3LF, England",St Albans,Hertfordshire,AL1 3LF,England,https://maps.google.co.uk/maps?q=AL1%203LF,"Conveyancing - residential, Employment, Family - general, Litigation - general, Personal injury, Private client - Probate, Private client - Wills","Conveyancing - residential, Employment, Family - general, Litigation - general, Personal injury, Private client - Probate, Private client - Wills",Missing,Missing,Missing,", , , ",Missing,Missing,Missing,False,False,False,False
DE JURE CHAMBERS LIMITED,Recognised body law practice,8004878,True,01923604234,admin@dejurechambers.co.uk,Missing,https://solicitors.lawsociety.org.uk/office/33917/de-jure-chambers-limited,"Address
42A Watling Street, Radlett, WD7 7NN, England","Address
42A Watling Street",Radlett,WD7 7NN,England,https://maps.google.co.uk/maps?q=WD7%207NN,Missing,"Advocacy, Higher courts rights - criminal, Higher courts rights - civil & criminal, Charities, Company and commercial, Corporate finance, Employment, Litigation - general, Higher courts rights - civil, Higher courts rights - civil & criminal",Missing,Missing,Missing,", , , ",Missing,Missing,Missing,False,False,False,False
DEBENHAMS OTTAWAY LLP,Recognised body law practice,567621,True,01727837161,lawyers@debenhamsottaway.co.uk,http://www.debenhamsottaway.co.uk,https://solicitors.lawsociety.org.uk/office/528586/debenhams-ottaway-llp,"Address
Ivy House, 107 St. Peters Street, St. Albans, Hertfordshire, AL1 3EW, England",St. Albans,Hertfordshire,AL1 3EW,England,https://maps.google.co.uk/maps?q=AL1%203EW,"Advocacy, Banking, Charities, Children, Commercial litigation, Commercial property, Company and commercial, Consumer, Conveyancing - residential, Conveyancing Quality Scheme, Debt and bankruptcy - personal, Debt recovery, Defamation, Dispute resolution - civil mediation, Dispute resolution - commercial mediation, Employment, Family - general, Insolvency and restructuring - business, Landlord and tenant - residential, Licensing gaming and betting, Litigation - general, Mental health, Mergers and acquisitions, Neighbour disputes, Personal injury, Planning, Private client - Probate, Wills and Inheritance Quality Scheme, Private client - trusts, Private client - Wills, Wills and Inheritance Quality Scheme, Professional negligence, Tax, Technology","Advocacy, Banking, Charities, Children, Commercial litigation, Commercial property, Company and commercial, Consumer, Conveyancing - residential, Conveyancing Quality Scheme, Debt and bankruptcy - personal, Debt recovery, Defamation, Dispute resolution - civil mediation, Dispute resolution - commercial mediation, Employment, Family - general, Insolvency and restructuring - business, Landlord and tenant - residential, Licensing gaming and betting, Litigation - general, Mental health, Mergers and acquisitions, Neighbour disputes, Personal injury, Planning, Private client - Probate, Wills and Inheritance Quality Scheme, Private client - trusts, Private client - Wills, Wills and Inheritance Quality Scheme, Professional negligence, Tax, Technology",Missing,Missing,Missing,", , , ",Missing,Missing,Missing,False,False,False,False
FRANK & CO,Recognised body law practice,271208,True,02072243837,info@frankandco.co.uk,http://frankandco.co.uk,https://solicitors.lawsociety.org.uk/office/437562/frank-co,"Address
253 Watling Street, Radlett, WD7 7AL, England","Address
253 Watling Street",Radlett,WD7 7AL,England,https://maps.google.co.uk/maps?q=WD7%207AL,"Commercial litigation, Commercial property, Conveyancing - residential, Conveyancing Quality Scheme, Debt and bankruptcy - personal, Debt recovery, Insurance, Litigation - general","Commercial litigation, Commercial property, Conveyancing - residential, Conveyancing Quality Scheme, Debt and bankruptcy - personal, Debt recovery, Insurance, Litigation - general",Missing,Missing,Missing,", , , ",Missing,Missing,Missing,False,False,False,False
GT STEWART LIMITED,Recognised body law practice,8009623,True,01727869293,Missing,Missing,https://solicitors.lawsociety.org.uk/office/43480/gt-stewart-limited,"Address
Alban Row, 27-31 Verulam Road, St. Albans, AL3 4DG, England",27-31 Verulam Road,St. Albans,AL3 4DG,England,https://maps.google.co.uk/maps?q=AL3%204DG,Missing,"Actions against the police - legal aid, Administrative and public law, Children, Children - Childrens' Representative, Community care - legal aid, Conveyancing - residential, Conveyancing Quality Scheme, Crime - fraud, Criminal Litigation, Higher courts rights - criminal, Crime - general, Criminal Litigation, Higher courts rights - criminal, Crime - juvenile, Crime - legal aid, Crime - sex, Education, Family - divorce and separation, Family - general, Family - legal aid, Family public law - legal aid, Landlord and tenant - residential",Missing,Missing,Missing,", , , ",Missing,Missing,Missing,False,False,False,False
Kita Earth Limited,Not an SRA-regulated law practice,8002162,True,Missing,Missing,Missing,https://solicitors.lawsociety.org.uk/office/26908/kita-earth-limited,"Address
Arquen House, 4-6 Spicer Street, St. Albans, AL3 4PQ, England",4-6 Spicer Street,St. Albans,AL3 4PQ,England,https://maps.google.co.uk/maps?q=AL3%204PQ,Missing,Missing,Missing,Missing,Missing,", , ",Missing,Missing,Missing,False,False,False,False
Stryders Solicitors Limited,Recognised body law practice,541515,True,03335772999,vinesh@stryderslaw.co.uk,http://www.stryderslaw.co.uk,https://solicitors.lawsociety.org.uk/office/474374/stryders-solicitors-limited,"Address
2 Lower Dagnall Street, St. Albans, Hertfordshire, AL3 4PA, England",St. Albans,Hertfordshire,AL3 4PA,England,https://maps.google.co.uk/maps?q=AL3%204PA,"Advocacy, Higher courts rights - criminal, Criminal Litigation, Crime - fraud, Higher courts rights - criminal, Criminal Litigation, Crime - general, Criminal Litigation, Higher courts rights - criminal","Advocacy, Criminal Litigation, Higher courts rights - criminal, Crime - fraud, Criminal Litigation, Higher courts rights - criminal, Crime - general, Criminal Litigation, Higher courts rights - criminal",Missing,Missing,Missing,", , , ",Missing,Missing,Missing,False,False,False,False
DEBENHAMS OTTAWAY LLP,Recognised body law practice,568531,True,01923 857 171,Missing,https://www.debenhamsottaway.co.uk,https://solicitors.lawsociety.org.uk/office/530077/debenhams-ottaway-llp,"Address
The Corn Works, Station Road, Radlett, Hertfordshire, WD7 8JY, England",Radlett,Hertfordshire,WD7 8JY,England,https://maps.google.co.uk/maps?q=WD7%208JY,"Advocacy, Banking, Charities, Children, Commercial litigation, Commercial property, Company and commercial, Consumer, Conveyancing - residential, Debt and bankruptcy - personal, Debt recovery, Defamation, Dispute resolution - civil mediation, Dispute resolution - commercial mediation, Employment, Family - general, Insolvency and restructuring - business, Landlord and tenant - residential, Licensing gaming and betting, Litigation - general, Mental health, Mergers and acquisitions, Neighbour disputes, Personal injury, Planning, Private client - Probate, Private client - trusts, Private client - Wills, Professional negligence, Tax, Technology","Advocacy, Banking, Charities, Children, Commercial litigation, Commercial property, Company and commercial, Consumer, Conveyancing - residential, Conveyancing Quality Scheme, Debt and bankruptcy - personal, Debt recovery, Defamation, Dispute resolution - civil mediation, Dispute resolution - commercial mediation, Employment, Family - general, Insolvency and restructuring - business, Landlord and tenant - residential, Licensing gaming and betting, Litigation - general, Mental health, Mergers and acquisitions, Neighbour disputes, Personal injury, Planning, Private client - Probate, Wills and Inheritance Quality Scheme, Private client - trusts, Private client - Wills, Wills and Inheritance Quality Scheme, Professional negligence, Tax, Technology",Missing,Missing,Missing,", , , ",Missing,Missing,Missing,False,False,False,False
LAWTONS SOLICITORS LIMITED,Recognised body law practice,466695,True,03335770522,enquiries@lawtonslaw.co.uk,http://www.lawtonslaw.co.uk,https://solicitors.lawsociety.org.uk/office/463924/lawtons-solicitors-limited,"Address
Calverton House, 2 Harpenden Road, St Albans, Hertfordshire, AL3 5AB, England",St Albans,Hertfordshire,AL3 5AB,England,https://maps.google.co.uk/maps?q=AL3%205AB,"Administrative and public law, Advocacy, Criminal Litigation, Higher courts rights - criminal, Children, Crime - fraud, Higher courts rights - criminal, Criminal Litigation, Crime - general, Criminal Litigation, Higher courts rights - criminal, Employment, Family - general, Human rights, Licensing gaming and betting, Litigation - general","Administrative and public law, Advocacy, Higher courts rights - criminal, Criminal Litigation, Children, Crime - fraud, Higher courts rights - criminal, Criminal Litigation, Crime - general, Criminal Litigation, Higher courts rights - criminal, Employment, Family - general, Human rights, Licensing gaming and betting, Litigation - general",Missing,Missing,Missing,", , , ",Missing,Missing,Missing,False,False,False,False
RAYDENS LIMITED,Licensed body law practice (ABS),557325,True,01727734260,as@raydensolicitors.co.uk,http://www.raydensolicitors.co.uk,https://solicitors.lawsociety.org.uk/office/477527/raydens-limited,"Address
Catherine House, Adelaide Street, St. Albans, Hertfordshire, AL3 5BA, England",St. Albans,Hertfordshire,AL3 5BA,England,https://maps.google.co.uk/maps?q=AL3%205BA,"Advocacy, Higher courts rights - civil & criminal, Higher courts rights - criminal, Children, Family - general, Mediation - Family","Advocacy, Higher courts rights - civil & criminal, Higher courts rights - criminal, Children, Family - general, Family - Advanced, Mediation - Family",Missing,Missing,Missing,", , , ",Missing,Missing,Missing,False,False,False,False
RAYDENS LTD TA RAYDENS SOLICITORS,Licensed body law practice (ABS),836426,True,01727734260,Missing,Missing,https://solicitors.lawsociety.org.uk/office/21139/raydens-ltd-ta-raydens-solicitors,"Address
Catherine House, Adelaide Street, St. Albans, AL3 5BA, England",Adelaide Street,St. Albans,AL3 5BA,England,https://maps.google.co.uk/maps?q=AL3%205BA,Missing,"Advocacy, Higher courts rights - civil & criminal, Higher courts rights - criminal, Children, Family - general, Family - Advanced, Mediation - Family",Missing,Missing,Missing,", , , ",Missing,Missing,Missing,False,False,False,False
UNIVERSITY OF HERTFORDSHIRE,Not an SRA-regulated law practice,42,True,01707284000,Missing,Missing,https://solicitors.lawsociety.org.uk/office/496882/university-of-hertfordshire,"Address
School Of Law, Hatfield, Hertfordshire, AL10 9AB, England",Hatfield,Hertfordshire,AL10 9AB,England,https://maps.google.co.uk/maps?q=AL10%209AB,Missing,Missing,Missing,Missing,Missing,", , ",Missing,Missing,Missing,False,False,False,False
UNIVERSITY OF HERTFORDSHIRE,Not an SRA-regulated law practice,345687,True,01707284000,g.sanya@herts.ac.uk,https://www.herts.ac.uk/,https://solicitors.lawsociety.org.uk/office/502790/university-of-hertfordshire,"Address
College Lane, Hatfield, Hertfordshire, AL10 9AB, England",Hatfield,Hertfordshire,AL10 9AB,England,https://maps.google.co.uk/maps?q=AL10%209AB,"Administrative and public law, Benefits and allowances, Charities, Commercial litigation, Commercial property, Company and commercial, Consumer, Conveyancing - residential, Debt and bankruptcy - personal, Debt recovery, Education, Employment, Family - general, Family - mediation, Immigration - nationality and citizenship, Intellectual property, Landlord and tenant - residential, Litigation - general, Higher courts rights - civil, Media, entertainment and sport, Private client - Probate, Private client - Wills","Administrative and public law, Benefits and allowances, Charities, Commercial litigation, Commercial property, Company and commercial, Consumer, Conveyancing - residential, Debt and bankruptcy - personal, Debt recovery, Education, Employment, Family - general, Family - mediation, Immigration - nationality and citizenship, Intellectual property, Landlord and tenant - residential, Litigation - general, Higher courts rights - civil, Media, entertainment and sport, Private client - Probate, Private client - Wills",Missing,Missing,Missing,", , ",Missing,Missing,Missing,False,False,False,False
GNR Solicitors Ltd,Recognised body law practice,8001426,True,07868389773,info@gnrsolicitors.co.uk,http://www.gnrsolicitors.co.uk,https://solicitors.lawsociety.org.uk/office/25459/gnr-solicitors-ltd,"Address
10 West Riding, Bricket Wood, St Albans, AL2 3QP, England",Bricket Wood,St Albans,AL2 3QP,England,https://maps.google.co.uk/maps?q=AL2%203QP,Missing,Missing,Missing,Missing,Missing,", , , ",Missing,Missing,Missing,False,False,False,False
ALSTON ASQUITH LIMITED,Recognised body law practice,658377,True,Missing,Missing,Missing,https://solicitors.lawsociety.org.uk/office/621967/alston-asquith-limited,"Address
Regus, 3 Bishops Square, Hatfield, Hertfordshire, AL10 9NA, England",Hatfield,Hertfordshire,AL10 9NA,England,https://maps.google.co.uk/maps?q=AL10%209NA,Missing,Missing,Missing,Missing,Missing,", , , ",Missing,Missing,Missing,False,False,False,False
Falko Regional Aircraft Ltd,Not an SRA-regulated law practice,562846,True,0170 725 5592,lindsay.christie@falko.com,Missing,https://solicitors.lawsociety.org.uk/office/509691/falko-regional-aircraft-ltd,"Address
1 Bishops Square, Business Park, St Albans West, Hatfield, Hertfordshire, AL10 9NE, England",Hatfield,Hertfordshire,AL10 9NE,England,https://maps.google.co.uk/maps?q=AL10%209NE,"Aviation, Banking, Commercial litigation, Cross-border, Financial services, Litigation - general, Maritime and shipping","Aviation, Banking, Commercial litigation, Cross-border, Financial services, Litigation - general, Maritime and shipping",Missing,Missing,Missing,", , ",Missing,Missing,Missing,False,False,False,False
MITSUBISHI ELECTRIC EUROPE B.V.,Not an SRA-regulated law practice,625909,True,Missing,Missing,Missing,https://solicitors.lawsociety.org.uk/office/593035/mitsubishi-electric-europe-b-v-,"Address
Travellers Lane, Hatfield, Hertfordshire, AL10 8XB, England",Hatfield,Hertfordshire,AL10 8XB,England,https://maps.google.co.uk/maps?q=AL10%208XB,Missing,Missing,Missing,Missing,Missing,", , ",Missing,Missing,Missing,False,False,False,False
OCADO LIMITED,Not an SRA-regulated law practice,352536,True,01707228000,neill.abrams@ocado.com,http://www.ocado.com,https://solicitors.lawsociety.org.uk/office/501973/ocado-limited,"Address
Titan Court, 3 Bishops Square, Hatfield Business Park, Hatfield, Hertfordshire, AL10 9NE, England",Hatfield,Hertfordshire,AL10 9NE,England,https://maps.google.co.uk/maps?q=AL10%209NE,"Commercial litigation, Commercial property, Company and commercial, Construction, Consumer, Employment, European Community law, Intellectual property, Licensing gaming and betting, Technology","Commercial litigation, Commercial property, Company and commercial, Construction, Consumer, Employment, European Community law, Intellectual property, Licensing gaming and betting, Technology",Missing,Missing,Missing,", , ",Missing,Missing,Missing,False,False,False,False
AFFINITY WATER LIMITED,Not an SRA-regulated law practice,573127,True,Missing,legalteam@affinitywater.co.uk,Missing,https://solicitors.lawsociety.org.uk/office/537258/affinity-water-limited,"Address
Tamblin Way, Hatfield, Hertfordshire, AL10 9EZ, England",Hatfield,Hertfordshire,AL10 9EZ,England,https://maps.google.co.uk/maps?q=AL10%209EZ,"Commercial litigation, Commercial property, Company and commercial, Construction, Consumer, Employment, Energy and natural resources, Intellectual property, Litigation - general, Technology","Commercial litigation, Commercial property, Company and commercial, Construction, Consumer, Employment, Energy and natural resources, Intellectual property, Litigation - general, Technology",Missing,Missing,Missing,", , ",Missing,Missing,Missing,False,False,False,False
JLH Law Limited,Not an SRA-regulated law practice,8010623,True,Missing,Missing,Missing,https://solicitors.lawsociety.org.uk/office/45567/jlh-law-limited,"Address
13 Partridge Road, St Albans, AL3 6HH, England","Address
13 Partridge Road",St Albans,AL3 6HH,England,https://maps.google.co.uk/maps?q=AL3%206HH,Missing,Missing,Missing,Missing,Missing,", , ",Missing,Missing,Missing,False,False,False,False
TAB London Limited,Not an SRA-regulated law practice,806849,True,Missing,Missing,Missing,https://solicitors.lawsociety.org.uk/office/3544/tab-london-limited,"Address
The Grain Yard, 5 Little Hays, Borehamwood, WD6 4DG, England",5 Little Hays,Borehamwood,WD6 4DG,England,https://maps.google.co.uk/maps?q=WD6%204DG,Missing,Missing,Missing,Missing,Missing,", , ",Missing,Missing,Missing,False,False,False,False
British Board of Agrement,Not an SRA-regulated law practice,834850,True,Missing,Missing,Missing,https://solicitors.lawsociety.org.uk/office/20557/british-board-of-agrement-,"Address
Bucknalls Lane, Watford, WD25 9NH, England","Address
Bucknalls Lane",Watford,WD25 9NH,England,https://maps.google.co.uk/maps?q=WD25%209NH,Missing,Missing,Missing,Missing,Missing,", , ",Missing,Missing,Missing,False,False,False,False
EISAI EUROPE LIMITED,Not an SRA-regulated law practice,388293,True,08456765412,David_Scally@eisai.net,Missing,https://solicitors.lawsociety.org.uk/office/504328/eisai-europe-limited,"Address
Mosquito Way, Hatfield Business Park, Hatfield, Hertfordshire, AL10 9SN, England",Hatfield,Hertfordshire,AL10 9SN,England,https://maps.google.co.uk/maps?q=AL10%209SN,"Commercial litigation, Company and commercial, Employment, Intellectual property, Mergers and acquisitions, Technology","Commercial litigation, Company and commercial, Employment, Intellectual property, Mergers and acquisitions, Technology",Missing,Missing,Missing,", , ",Missing,Missing,Missing,False,False,False,False
SALISBURY LAW,Recognised sole practice law practice,626586,True,01707244710,info@salisburylaw.co.uk,http://www.salisburylaw.co.uk,https://solicitors.lawsociety.org.uk/office/593583/salisbury-law,"Address
23 Fiddlebridge Lane, Hatfield, Hertfordshire, AL10 0SP, England",Hatfield,Hertfordshire,AL10 0SP,England,https://maps.google.co.uk/maps?q=AL10%200SP,"Commercial property, Conveyancing - residential, Immigration - nationality and citizenship, Landlord and tenant - residential, Litigation - general, Personal injury","Commercial property, Conveyancing - residential, Immigration - nationality and citizenship, Landlord and tenant - residential, Litigation - general, Personal injury",Missing,Missing,Missing,", , , ",Missing,Missing,Missing,False,False,False,False
Missing,Missing,Missing,True,Missing,Missing,Missing,https://solicitors.lawsociety.org.uk/office/43719/bre-group-ltd,Missing,Missing,Missing,Missing,Missing,Missing,Missing,Missing,Missing,Missing,Missing,Missing,Missing,Missing,Missing,False,False,False,False
K AND K SOLICITORS LIMITED,Recognised body law practice,636034,True,01707244442,kiran.phull@kandksolicitors.co.uk,http://www.kandksolicitors.co.uk,https://solicitors.lawsociety.org.uk/office/600166/k-and-k-solicitors-limited,"Address
12 Market Place, Hatfield, Hertfordshire, AL10 0LN, England",Hatfield,Hertfordshire,AL10 0LN,England,https://maps.google.co.uk/maps?q=AL10%200LN,"Advocacy, Clinical negligence, Commercial litigation, Commercial property, Company / commercial - small businesses, Conveyancing - residential, Conveyancing Quality Scheme, Debt recovery, Family - divorce and separation, Family - general, Landlord and tenant - commercial, Landlord and tenant - residential, Lasting power of attorney, Litigation - general, LPA - Health and Welfare, LPA - Property and Affairs, Private client - disputed probate, Private client - disputed wills, Private client - Probate, Private client - Wills","Advocacy, Clinical negligence, Commercial litigation, Commercial property, Company / commercial - small businesses, Conveyancing - residential, Conveyancing Quality Scheme, Debt recovery, Family - divorce and separation, Family - general, Landlord and tenant - commercial, Landlord and tenant - residential, Lasting power of attorney, Litigation - general, LPA - Health and Welfare, LPA - Property and Affairs, Private client - disputed probate, Private client - disputed wills, Private client - Probate, Private client - Wills",Missing,Missing,Missing,", , , ",Missing,Missing,Missing,False,False,False,False
OCADO CENTRAL SERVICES LIMITED,Not an SRA-regulated law practice,614203,True,01707228000,Missing,Missing,https://solicitors.lawsociety.org.uk/office/562253/ocado-central-services-limited,"Address
Buildings 1 & 2 Trident Place, Mosquito Way, Hatfield, Hertfordshire, AL10 9UL, England",Hatfield,Hertfordshire,AL10 9UL,England,https://maps.google.co.uk/maps?q=AL10%209UL,"Banking, Commercial litigation, Commercial property, Company and commercial, Construction, Consumer, Corporate finance, Employment, European Community law, Intellectual property, Licensing gaming and betting, Mergers and acquisitions, Technology","Banking, Commercial litigation, Commercial property, Company and commercial, Construction, Consumer, Corporate finance, Employment, European Community law, Intellectual property, Licensing gaming and betting, Mergers and acquisitions, Technology",Missing,Missing,Missing,", , ",Missing,Missing,Missing,False,False,False,False
COMPUTACENTER (UK) LTD,Not an SRA-regulated law practice,401442,True,07385404209,Laura.Gregory@computacenter.com,http://www.computacenter.com,https://solicitors.lawsociety.org.uk/office/504394/computacenter-uk-ltd,"Address
Hatfield Business Park, Hatfield Avenue, Hatfield, Hertfordshire, AL10 9TW, England",Hatfield,Hertfordshire,AL10 9TW,England,https://maps.google.co.uk/maps?q=AL10%209TW,"Commercial litigation, Company and commercial, Employment, European Community law, Immigration - nationality and citizenship, Insolvency and restructuring - business, Intellectual property, Litigation - general, Maritime and shipping, Mergers and acquisitions, Technology","Commercial litigation, Company and commercial, Employment, European Community law, Immigration - nationality and citizenship, Insolvency and restructuring - business, Intellectual property, Litigation - general, Maritime and shipping, Mergers and acquisitions, Technology",Missing,Missing,Missing,", , ",Missing,Missing,Missing,False,False,False,False
EVERYTHING EVERYWHERE LIMITED,Not an SRA-regulated law practice,260749,True,01707315000,james.blendis@everythingeverywhere.com,http://www.T.Mobile.co.uk,https://solicitors.lawsociety.org.uk/office/490653/everything-everywhere-limited,"Address
Mosquito Way, Hatfield Business Park, Hatfield, Hertfordshire, AL10 9BW, England",Hatfield,Hertfordshire,AL10 9BW,England,https://maps.google.co.uk/maps?q=AL10%209BW,"Advocacy, Banking, Charities, Commercial litigation, Commercial property, Company and commercial, Consumer, Corporate finance, Crime - fraud, Cross-border, Debt and bankruptcy - personal, Debt recovery, Defamation, Dispute resolution - civil mediation, Dispute resolution - commercial mediation, Employment, European Community law, Family - general, Insolvency and restructuring - business, Intellectual property, Litigation - general, Media, entertainment and sport, Mergers and acquisitions, Professional negligence, Technology","Advocacy, Banking, Charities, Commercial litigation, Commercial property, Company and commercial, Consumer, Corporate finance, Crime - fraud, Cross-border, Debt and bankruptcy - personal, Debt recovery, Defamation, Dispute resolution - civil mediation, Dispute resolution - commercial mediation, Employment, European Community law, Family - general, Insolvency and restructuring - business, Intellectual property, Litigation - general, Media, entertainment and sport, Mergers and acquisitions, Professional negligence, Technology",Missing,Missing,Missing,", , ",Missing,Missing,Missing,False,False,False,False
Frederick Rine Solicitors,Recognised body law practice,818928,True,02084409833,info@frederickrinesolicitors.com,https://www.frederickrinesolicitors.com,https://solicitors.lawsociety.org.uk/office/10453/frederick-rine-solicitors,"Address
Suite 58 The Enterprise Centre, Cranborne Road, Potters Bar, EN6 3DQ, England",Cranborne Road,Potters Bar,EN6 3DQ,England,https://maps.google.co.uk/maps?q=EN6%203DQ,"Conveyancing - residential, Debt recovery, Employment, Family - divorce and separation, Family - general, Family - marriage and civil partnerships, Immigration - asylum, Immigration - general, Landlord and tenant - commercial, Landlord and tenant - residential, Lasting power of attorney, Litigation - general, Litigation - small claims, Litigation - tickets and fines, Private client - disputed probate, Private client - disputed wills, Private client - Probate, Private client - Wills","Conveyancing - residential, Debt recovery, Employment, Family - divorce and separation, Family - general, Family - marriage and civil partnerships, Immigration - asylum, Immigration - general, Landlord and tenant - commercial, Landlord and tenant - residential, Lasting power of attorney, Litigation - general, Litigation - small claims, Litigation - tickets and fines, Private client - disputed probate, Private client - disputed wills, Private client - Probate, Private client - Wills",Missing,Missing,Missing,", , , ",Missing,Missing,Missing,False,False,False,False
Fadina and Associates,Not an SRA-regulated law practice,668807,True,Missing,Missing,Missing,https://solicitors.lawsociety.org.uk/office/632984/fadina-and-associates,"Address
5 Grove Road, Borehamwood, Hertfordshire, WD6 5DU, England",Borehamwood,Hertfordshire,WD6 5DU,England,https://maps.google.co.uk/maps?q=WD6%205DU,Missing,Missing,Missing,Missing,Missing,", , ",Missing,Missing,Missing,False,False,False,False
City and Docklands Management Limited,Not an SRA-regulated law practice,621409,True,Missing,Missing,Missing,https://solicitors.lawsociety.org.uk/office/589115/city-and-docklands-management-limited,"Address
Medburn Lodge, Butterfly Lane, Elstree, Borehamwood, Hertfordshire, WD6 3AD, England",Borehamwood,Hertfordshire,WD6 3AD,England,https://maps.google.co.uk/maps?q=WD6%203AD,"Banking, Commercial property, Conveyancing - residential, Landlord and tenant - residential","Banking, Commercial property, Conveyancing - residential, Landlord and tenant - residential",Missing,Missing,Missing,", , ",Missing,Missing,Missing,False,False,False,False
BRILLIANCE SOLICITORS LTD,Recognised body law practice,652294,True,02071646849,t.choudhry@brilliancesolicitors.co.uk,http://brilliancesolicitors.co.uk,https://solicitors.lawsociety.org.uk/office/615748/brilliance-solicitors-ltd,"Address
Hat Tech Business Centre, Beaconsfield Court, Beaconsfield Road, Hatfield, Hertfordshire, AL10 8FF, England",Hatfield,Hertfordshire,AL10 8FF,England,https://maps.google.co.uk/maps?q=AL10%208FF,Missing,Missing,Missing,Missing,Missing,", , , ",Missing,Missing,Missing,False,False,False,False
CANFORD LAW LTD,Licensed body law practice (ABS),635970,True,Missing,david.nash@canfordlaw.co.uk,http://www.canfordlaw.co.uk,https://solicitors.lawsociety.org.uk/office/600067/canford-law-ltd,"Address
Hat Tech Business Centre, Beaconsfield Court, Beaconsfield Road, Hatfield, Hertfordshire, AL10 8FF, England",Hatfield,Hertfordshire,AL10 8FF,England,https://maps.google.co.uk/maps?q=AL10%208FF,Missing,Missing,Missing,Missing,Missing,", , , ",Missing,Missing,Missing,False,False,False,False
WOFFINDEN LIMITED,Recognised body law practice,622328,True,01707623626,daw@woffindenlegal.com,http://www.woffindenlegal.com,https://solicitors.lawsociety.org.uk/office/590126/woffinden-limited,"Address
9 Hat Tech Business Centre, Beaconsfield Court, Beaconsfield Road, Hatfield, Hertfordshire, AL10 8FF, England",Hatfield,Hertfordshire,AL10 8FF,England,https://maps.google.co.uk/maps?q=AL10%208FF,"Advocacy, Employment","Advocacy, Employment",Missing,Missing,Missing,", , , ",Missing,Missing,Missing,False,False,False,False
HERTSMERE BOROUGH COUNCIL,Not an SRA-regulated law practice,64035,True,02082077472,legal.department@hertsmere.gov.uk,Missing,https://solicitors.lawsociety.org.uk/office/497258/hertsmere-borough-council,"Address
Civic Offices, Elstree Way, Borehamwood, Hertfordshire, WD6 1WA, England",Borehamwood,Hertfordshire,WD6 1WA,England,https://maps.google.co.uk/maps?q=WD6%201WA,"Administrative and public law, Advocacy, Commercial property, Crime - general, Environment, Landlord and tenant - residential, Licensing gaming and betting, Planning","Administrative and public law, Advocacy, Commercial property, Crime - general, Environment, Landlord and tenant - residential, Licensing gaming and betting, Planning",Missing,Missing,Missing,", , ",Missing,Missing,Missing,False,False,False,False
Missing,Missing,Missing,True,Missing,Missing,Missing,https://solicitors.lawsociety.org.uk/office/40432/elstree-film-studios-limited,Missing,Missing,Missing,Missing,Missing,Missing,Missing,Missing,Missing,Missing,Missing,Missing,Missing,Missing,Missing,False,False,False,False
Albanwise Wallace Estates Limited,Not an SRA-regulated law practice,8007894,True,Missing,Missing,Missing,https://solicitors.lawsociety.org.uk/office/39982/albanwise-wallace-estates-limited,"Address
Imperial Place, Building 4, Elstree Way, Borehamwood, WD6 1JN, England",Elstree Way,Borehamwood,WD6 1JN,England,https://maps.google.co.uk/maps?q=WD6%201JN,Missing,Missing,Missing,Missing,Missing,", , ",Missing,Missing,Missing,False,False,False,False
ELYSIUM HEALTHCARE LIMITED,Not an SRA-regulated law practice,427377,True,02083271800,john.rowland@elysiumhealthcare.co.uk,http://www.partnershipsincare.co.uk,https://solicitors.lawsociety.org.uk/office/493249/elysium-healthcare-limited,"Address
Unit 2, Imperial Place, Maxwell Road, Borehamwood, Hertfordshire, WD6 1JN, England",Borehamwood,Hertfordshire,WD6 1JN,England,https://maps.google.co.uk/maps?q=WD6%201JN,"Commercial litigation, Company and commercial, Employment, Insolvency and restructuring - business, Insurance, Litigation - general, Higher courts rights - civil","Commercial litigation, Company and commercial, Employment, Insolvency and restructuring - business, Insurance, Litigation - general, Higher courts rights - civil",Missing,Missing,Missing,", , ",Missing,Missing,Missing,False,False,False,False
Epoq Legal Ltd,Not an SRA-regulated law practice,498037,True,020 87312424,Missing,http://www.epoq.co.uk,https://solicitors.lawsociety.org.uk/office/489435/epoq-legal-ltd,"Address
Unit 2, Imperial Place, Maxwell Road, Borehamwood, Hertfordshire, WD6 1JN, England",Borehamwood,Hertfordshire,WD6 1JN,England,https://maps.google.co.uk/maps?q=WD6%201JN,"Commercial property, Company and commercial, Conveyancing - residential, Employment, Family - general, Intellectual property, Landlord and tenant - residential, Mental health, Private client - Probate, Private client - Wills, Technology","Commercial property, Company and commercial, Conveyancing - residential, Employment, Family - general, Intellectual property, Landlord and tenant - residential, Mental health, Private client - Probate, Private client - Wills, Technology",Missing,Missing,Missing,", , ",Missing,Missing,Missing,False,False,False,False
EPOQ LEGAL LTD,Licensed body law practice (ABS),645296,True,Missing,Missing,http://www.epoq.co.uk,https://solicitors.lawsociety.org.uk/office/608955/epoq-legal-ltd,"Address
2 Imperial Place, Maxwell Road, Borehamwood,, Hertfordshire,, WD6 1JN, England",Hertfordshire,,WD6 1JN,England,https://maps.google.co.uk/maps?q=WD6%201JN,Missing,Missing,Missing,Missing,Missing,", , , ",Missing,Missing,Missing,False,False,False,False
KSRI SOLICITORS,Recognised sole practice law practice,548762,True,02083576871,tvk64@yahoo.co.uk,Missing,https://solicitors.lawsociety.org.uk/office/475313/ksri-solicitors,"Address
The Kinetic Centre, Theobald Street, Borehamwood, London, WD6 4PJ, England",Borehamwood,London,WD6 4PJ,England,https://maps.google.co.uk/maps?q=WD6%204PJ,"Benefits and allowances, Cross-border, Employment, Family - general, Immigration - general, Immigration - nationality and citizenship, Insolvency and restructuring - business, Private client - Probate, Private client - Wills, Tax","Benefits and allowances, Cross-border, Employment, Family - general, Immigration - general, Immigration - nationality and citizenship, Insolvency and restructuring - business, Private client - Probate, Private client - Wills, Tax",Missing,Missing,Missing,", , , ",Missing,Missing,Missing,False,False,False,False
LLOYDS PR SOLICITORS,Recognised body law practice,8002154,True,02089631050,Missing,Missing,https://solicitors.lawsociety.org.uk/office/26810/lloyds-pr-solicitors,"Address
4 Imperial Place, Maxwell Road, Borehamwood, WD6 1JN, England",Maxwell Road,Borehamwood,WD6 1JN,England,https://maps.google.co.uk/maps?q=WD6%201JN,Missing,"Advocacy, Benefits and allowances, Conveyancing - residential, Crime - fraud, Higher courts rights - criminal, Criminal Litigation, Crime - general, Criminal Litigation, Higher courts rights - criminal, Family - general, Human rights, Immigration - general, Immigration - nationality and citizenship, Litigation - general",Missing,Missing,Missing,", , , ",Missing,Missing,Missing,False,False,False,False
NEWGATE SOLICITORS,Recognised sole practice law practice,8009474,True,Missing,info@newgatesolicitors.com,Missing,https://solicitors.lawsociety.org.uk/office/42979/newgate-solicitors,"Address
Unit 4, Imperial Place, Maxwell Road, Borehamwood, WD6 1JN, England",Maxwell Road,Borehamwood,WD6 1JN,England,https://maps.google.co.uk/maps?q=WD6%201JN,Missing,"Administrative and public law, Advocacy, Higher courts rights - criminal, Criminal Litigation, Children, Conveyancing - residential, Crime - fraud, Higher courts rights - criminal, Criminal Litigation, Crime - general, Higher courts rights - criminal, Criminal Litigation, Family - general, Human rights, Immigration - nationality and citizenship, Landlord and tenant - residential, Litigation - general, Higher courts rights - civil, Personal injury",Missing,Missing,Missing,", , , ",Missing,Missing,Missing,False,False,False,False
PANTHER SECURITIES PLC,Not an SRA-regulated law practice,443249,True,01707667300,Missing,http://panthersecurities.co.uk,https://solicitors.lawsociety.org.uk/office/504833/panther-securities-plc,"Address
Unicorn House, Station Close, Potters Bar, Hertfordshire, EN6 1TL, England",Potters Bar,Hertfordshire,EN6 1TL,England,https://maps.google.co.uk/maps?q=EN6%201TL,"Commercial property, Company and commercial","Commercial property, Company and commercial",Missing,Missing,Missing,", , ",Missing,Missing,Missing,False,False,False,False
Pizza Hut (UK) Limited,Not an SRA-regulated law practice,818627,True,Missing,Missing,Missing,https://solicitors.lawsociety.org.uk/office/10188/pizza-hut-uk-limited,"Address
Unit 1, Imperial Place, Maxwell Road, Borehamwood, WD6 1JN, England",Maxwell Road,Borehamwood,WD6 1JN,England,https://maps.google.co.uk/maps?q=WD6%201JN,Missing,Missing,Missing,Missing,Missing,", , ",Missing,Missing,Missing,False,False,False,False
RADIUS LAW LIMITED,Recognised body law practice,668669,True,02074954337,Missing,Missing,https://solicitors.lawsociety.org.uk/office/632964/radius-law-limited,"Address
Kinetic Business Centre, Theobald Street, Elstree, Borehamwood, Hertfordshire, WD6 4PJ, England",Borehamwood,Hertfordshire,WD6 4PJ,England,https://maps.google.co.uk/maps?q=WD6%204PJ,"Commercial litigation, Commercial property, Conveyancing - residential, Debt recovery, Employment, European Community law, Intellectual property, Landlord and tenant - commercial, Landlord and tenant - residential, Litigation - general, Litigation - small claims, Media, entertainment and sport, Mergers and acquisitions, Technology","Commercial litigation, Commercial property, Company and commercial, Conveyancing - residential, Conveyancing Quality Scheme, Debt recovery, Employment, European Community law, Intellectual property, Landlord and tenant - commercial, Landlord and tenant - residential, Litigation - general, Litigation - small claims, Media, entertainment and sport, Mergers and acquisitions, Technology",Missing,Missing,Missing,", , , ",Missing,Missing,Missing,False,False,False,False
RIAA BARKER GILLETTE (UK) LLP,Recognised body law practice,828877,True,02076360555,UK@riaabg.com,Missing,https://solicitors.lawsociety.org.uk/office/17091/riaa-barker-gillette-uk-llp,"Address
Kinetic Business Centre, Theobald Street, Hertfordshire, Borehamwood, WD6 4PJ, England",Hertfordshire,Borehamwood,WD6 4PJ,England,https://maps.google.co.uk/maps?q=WD6%204PJ,Missing,"Banking, Charities, Children, Clinical negligence, Commercial litigation, Commercial property, Company and commercial, Conveyancing - residential, Conveyancing Quality Scheme, Corporate finance, Crime - fraud, Crime - general, Dispute resolution - civil mediation, Dispute resolution - commercial mediation, Employment, Energy and natural resources, Family - general, Intellectual property, Landlord and tenant - residential, Licensing gaming and betting, Litigation - general, Neighbour disputes, Personal injury, Private client - Probate, Private client - trusts, Private client - Wills, Professional negligence, Tax",Missing,Missing,Missing,", , , ",Missing,Missing,Missing,False,False,False,False
Topgolf Limited,Not an SRA-regulated law practice,653719,True,Missing,Missing,Missing,https://solicitors.lawsociety.org.uk/office/617073/topgolf-limited,"Address
Kinetic House, Theobald Street, Elstree, Borehamwood, Hertfordshire, WD6 4PJ, England",Borehamwood,Hertfordshire,WD6 4PJ,England,https://maps.google.co.uk/maps?q=WD6%204PJ,Missing,Missing,Missing,Missing,Missing,", , ",Missing,Missing,Missing,False,False,False,False
Carefinders Ltd,Not an SRA-regulated law practice,345355,True,020 8236 0060,Missing,Missing,https://solicitors.lawsociety.org.uk/office/492307/carefinders-ltd,"Address
Care House, Chester Road, Borehamwood, Hertfordshire, WD6 1LP, England",Borehamwood,Hertfordshire,WD6 1LP,England,https://maps.google.co.uk/maps?q=WD6%201LP,"Company and commercial, Litigation - general","Company and commercial, Litigation - general",Missing,Missing,Missing,", , ",Missing,Missing,Missing,False,False,False,False
CARETECH COMMUNITY SERVICES LTD,Not an SRA-regulated law practice,633338,True,Missing,Missing,Missing,https://solicitors.lawsociety.org.uk/office/47962/caretech-community-services-ltd,"Address
Metropolitan House, 3 Darkes Lane, Potters Bar, EN6 1AG, England",3 Darkes Lane,Potters Bar,EN6 1AG,England,https://maps.google.co.uk/maps?q=EN6%201AG,Missing,Missing,Missing,Missing,Missing,", , ",Missing,Missing,Missing,False,False,False,False
CONWAY & COMPANY SOLICITORS LIMITED,Recognised body law practice,611463,True,02088630535,rhermon@conwaysolicitors.co.uk,http://www.conwaysolicitors.co.uk,https://solicitors.lawsociety.org.uk/office/553223/conway-company-solicitors-limited,"Address
Devonshire House, 107 Manor Way, Borehamwood, Hertfordshire, WD6 1QQ, England",Borehamwood,Hertfordshire,WD6 1QQ,England,https://maps.google.co.uk/maps?q=WD6%201QQ,"Commercial property, Company and commercial, Conveyancing - residential, Conveyancing Quality Scheme, Family - general, Immigration - nationality and citizenship, Insolvency and restructuring - business, Landlord and tenant - residential, Litigation - general, Private client - Probate, Private client - trusts, Private client - Wills, Tax","Commercial property, Company and commercial, Conveyancing - residential, Conveyancing Quality Scheme, Family - general, Immigration - nationality and citizenship, Insolvency and restructuring - business, Landlord and tenant - residential, Litigation - general, Private client - Probate, Private client - trusts, Private client - Wills, Tax",Missing,Missing,Missing,", , , ",Missing,Missing,Missing,False,False,False,False
Healthcare Direct Ltd,Not an SRA-regulated law practice,328313,True,020 8236 0060,sonalharia@gmail.com,Missing,https://solicitors.lawsociety.org.uk/office/493154/healthcare-direct-ltd,"Address
Care House, Chester Road, Borehamwood, Hertfordshire, WD6 1LP, England",Borehamwood,Hertfordshire,WD6 1LP,England,https://maps.google.co.uk/maps?q=WD6%201LP,"Company and commercial, Litigation - general","Company and commercial, Litigation - general",Missing,Missing,Missing,", , ",Missing,Missing,Missing,False,False,False,False
HERBERTLEWIS SOLICITORS,Recognised sole practice law practice,490848,True,02036010770,mail@herbertlewissolicitors.com,http://www.herbertlewissolicitors.com,https://solicitors.lawsociety.org.uk/office/467345/herbertlewis-solicitors,"Address
78 Shenley Road, Borehamwood, Hertfordshire, WD6 1EH, England",Borehamwood,Hertfordshire,WD6 1EH,England,https://maps.google.co.uk/maps?q=WD6%201EH,"Commercial litigation, Commercial property, Company and commercial, Conveyancing - residential, Energy and natural resources, Family - general, Immigration - nationality and citizenship, Landlord and tenant - residential, Litigation - general, Maritime and shipping, Private client - Probate, Private client - Wills","Commercial litigation, Commercial property, Company and commercial, Conveyancing - residential, Energy and natural resources, Family - general, Immigration - nationality and citizenship, Landlord and tenant - residential, Litigation - general, Maritime and shipping, Private client - Probate, Private client - Wills",Missing,Missing,Missing,", , , ",Missing,Missing,Missing,False,False,False,False
HINE SOLICITORS LIMITED,Recognised body law practice,657277,True,Missing,Missing,Missing,https://solicitors.lawsociety.org.uk/office/620754/hine-solicitors-limited,"Address
107 Devonshire House, Manor Way, Borehamwood, Hertfordshire, WD6 1QQ, England",Borehamwood,Hertfordshire,WD6 1QQ,England,https://maps.google.co.uk/maps?q=WD6%201QQ,Missing,"Actions against the police - legal aid, Advocacy, Higher courts rights - criminal, Criminal Litigation, Clinical negligence, Commercial property, Conveyancing - residential, Conveyancing Quality Scheme, Crime - domestic violence, Crime - fraud, Criminal Litigation, Higher courts rights - criminal, Crime - general, Criminal Litigation, Higher courts rights - criminal, Crime - legal aid, Crime - motoring, Crime - sex, Debt recovery, Dispute resolution - civil mediation, Dispute resolution - commercial mediation, Employment, Family - general, Family - marriage and civil partnerships, Lasting power of attorney, Litigation - general, LPA - Health and Welfare, LPA - Property and Affairs, Military, Neighbour disputes, Personal injury, Personal injury - RTA, Prison law - legal aid, Private client - disputed probate, Private client - disputed trusts, Private client - disputed wills, Private client - Probate, Wills and Inheritance Quality Scheme, Private client - trusts, Private client - Wills, Wills and Inheritance Quality Scheme, Professional negligence, Tax",Missing,Missing,Missing,", , , ",Missing,Missing,Missing,False,False,False,False
LANDLORD ACTION LTD,Licensed body law practice (ABS),605660,True,03333219415,info@landlordaction.co.uk,http://www.landlordaction.co.uk,https://solicitors.lawsociety.org.uk/office/550199/landlord-action-ltd,"Address
Studio 3, Limelight, Elstree Way, Borehamwood, Herts, WD6 1JH, England",Borehamwood,Herts,WD6 1JH,England,https://maps.google.co.uk/maps?q=WD6%201JH,"Commercial litigation, Commercial property, Company and commercial, Conveyancing - residential, Employment, Landlord and tenant - residential, Litigation - general, Mergers and acquisitions, Personal injury","Commercial litigation, Commercial property, Company and commercial, Conveyancing - residential, Employment, Landlord and tenant - residential, Litigation - general, Mergers and acquisitions, Personal injury",Missing,Missing,Missing,", , , ",Missing,Missing,Missing,False,False,False,False
Maka Holdings Limited,Not an SRA-regulated law practice,541180,True,Missing,Missing,Missing,https://solicitors.lawsociety.org.uk/office/498070/maka-holdings-limited,"Address
Care House, Chester Road, Borehamwood, Hertfordshire, WD6 1LP, England",Borehamwood,Hertfordshire,WD6 1LP,England,https://maps.google.co.uk/maps?q=WD6%201LP,"Company and commercial, Litigation - general","Company and commercial, Litigation - general",Missing,Missing,Missing,", , ",Missing,Missing,Missing,False,False,False,False
NOBLE SOLICITORS,Licensed body law practice (ABS),8000236,True,07000818283,info@noblesolicitors.co.uk,Missing,https://solicitors.lawsociety.org.uk/office/22815/noble-solicitors,"Address
Office 331, Third Floor, Devonshire Business Centre, Manor Way, Borehamwood, WD6 1QQ, England",Manor Way,Borehamwood,WD6 1QQ,England,https://maps.google.co.uk/maps?q=WD6%201QQ,Missing,"Advocacy, Higher courts rights - criminal, Criminal Litigation, Benefits and allowances, Children, Children - Childrens' Representative, Conveyancing - residential, Crime - fraud, Higher courts rights - criminal, Criminal Litigation, Crime - general, Higher courts rights - criminal, Criminal Litigation, Debt and bankruptcy - personal, Debt recovery, Employment, Family - general, Family - mediation, Human rights, Insolvency and restructuring - business, Landlord and tenant - residential, Litigation - general, Higher courts rights - civil, Mental health, Mental Health",Missing,Missing,Missing,Missing,Missing,Missing,Missing,False,False,False,False
Pinnacle Insurance Management Services Ltd,Not an SRA-regulated law practice,71877,True,07880558669,matthew.lorimer@pinnaclepetgroup.com,http://pinnaclepetgroup.com,https://solicitors.lawsociety.org.uk/office/501120/pinnacle-insurance-management-services-ltd,"Address
4Th Floor Limelight, Elstree Way, Borehamwood, Hertfordshire, WD6 1JH, England",Borehamwood,Hertfordshire,WD6 1JH,England,https://maps.google.co.uk/maps?q=WD6%201JH,"Banking, Commercial litigation, Company and commercial, Financial services, Insurance","Banking, Commercial litigation, Company and commercial, Financial services, Insurance",Missing,Missing,Missing,", , ",Missing,Missing,Missing,False,False,False,False
PRECISION DENTAL PRODUCTS LIMITED,Not an SRA-regulated law practice,541182,True,Missing,Missing,Missing,https://solicitors.lawsociety.org.uk/office/509371/precision-dental-products-limited,"Address
Care House, Chester Road, Borehamwood, Hertfordshire, WD6 1LP, England",Borehamwood,Hertfordshire,WD6 1LP,England,https://maps.google.co.uk/maps?q=WD6%201LP,"Company and commercial, Litigation - general","Company and commercial, Litigation - general",Missing,Missing,Missing,", , ",Missing,Missing,Missing,False,False,False,False
SPALTER FISHER LLP,Recognised body law practice,544094,True,02033285858,jspalter@spalterfisher.com,http://www.spalterfisher.com,https://solicitors.lawsociety.org.uk/office/474787/spalter-fisher-llp,"Address
1 Theobald Court, Theobald Street, Elstree, Borehamwood, Hertfordshire, WD6 4RN, England",Borehamwood,Hertfordshire,WD6 4RN,England,https://maps.google.co.uk/maps?q=WD6%204RN,"Commercial litigation, Commercial property, Conveyancing - residential, Employment, Insolvency and restructuring - business, Landlord and tenant - residential, Litigation - general","Commercial litigation, Commercial property, Conveyancing - residential, Employment, Insolvency and restructuring - business, Landlord and tenant - residential, Litigation - general",Missing,Missing,Missing,", , , ",Missing,Missing,Missing,False,False,False,False
THE DENTAL LAW PARTNERSHIP SOLICITORS LIMITED,Recognised body law practice,482543,True,Missing,Missing,Missing,https://solicitors.lawsociety.org.uk/office/465903/the-dental-law-partnership-solicitors-limited,"Address
6 Theobald Court, Theobald Street, Elstree, Borehamwood, Hertfordshire, WD6 4RN, England",Borehamwood,Hertfordshire,WD6 4RN,England,https://maps.google.co.uk/maps?q=WD6%204RN,"Clinical negligence, Litigation - general, Personal injury","Clinical negligence, Litigation - general, Higher courts rights - civil & criminal, Higher courts rights - civil, Personal injury",Missing,Missing,Missing,", , , ",Missing,Missing,Missing,False,False,False,False
ELS Legal Ltd,Licensed body law practice (ABS),8001070,True,02031498488,info@ELS.Legal,https://els.legal/,https://solicitors.lawsociety.org.uk/office/24774/els-legal-ltd,"Address
Second Floor, One Oaks Court, Borehamwood, WD6 1GS, England",One Oaks Court,Borehamwood,WD6 1GS,England,https://maps.google.co.uk/maps?q=WD6%201GS,Missing,Missing,Missing,Missing,Missing,", , , ",Missing,Missing,Missing,False,False,False,False
Shiva Hotels Group LLP,Not an SRA-regulated law practice,819609,True,Missing,Missing,Missing,https://solicitors.lawsociety.org.uk/office/11122/shiva-hotels-group-llp,"Address
Regent House, Theobold Street, Elstree, WD6 4RS, England",Theobold Street,Elstree,WD6 4RS,England,https://maps.google.co.uk/maps?q=WD6%204RS,Missing,Missing,Missing,Missing,Missing,", , ",Missing,Missing,Missing,False,False,False,False
Missing,Missing,Missing,True,Missing,Missing,Missing,https://solicitors.lawsociety.org.uk/office/62232/clermont-consultants-uk-ltd,Missing,Missing,Missing,Missing,Missing,Missing,Missing,Missing,Missing,Missing,Missing,Missing,Missing,Missing,Missing,False,False,False,False
C P Holdings Ltd,Not an SRA-regulated law practice,76007,True,01923 250 500,Missing,Missing,https://solicitors.lawsociety.org.uk/office/497192/c-p-holdings-ltd,"Address
C P House, Otterspool Way, Watford By-pass, Watford, Hertfordshire, WD25 8JJ, England",Watford,Hertfordshire,WD25 8JJ,England,https://maps.google.co.uk/maps?q=WD25%208JJ,"Commercial litigation, Commercial property, Company and commercial, Conveyancing - residential, Landlord and tenant - residential, Mergers and acquisitions, Private client - Probate, Private client - Wills","Commercial litigation, Commercial property, Company and commercial, Conveyancing - residential, Landlord and tenant - residential, Mergers and acquisitions, Private client - Probate, Private client - Wills",Missing,Missing,Missing,", , ",Missing,Missing,Missing,False,False,False,False
